domain,level,instance,algorithm,solution_cost,solution_length,expansions,max_frontier,wall_time_s,timed_out
8puzzle,4,0,BFS,4,4,26,20,5.8639000002358443e-05,False
8puzzle,4,0,DFS,26,26,27,25,5.2318999998135496e-05,False
8puzzle,4,0,UCS,4,4,26,20,5.641499999597954e-05,False
8puzzle,4,0,IDS,4,4,54,6,6.781200000460785e-05,False
8puzzle,4,0,A*_manhattan,4,4,5,6,4.7801999997432176e-05,False
8puzzle,4,0,A*_misplaced,4,4,5,6,2.702100000107066e-05,False
8puzzle,4,0,A*_w3_manhattan,4,4,5,6,3.3370000004140365e-05,False
8puzzle,4,1,BFS,4,4,30,18,4.440600000066297e-05,False
8puzzle,4,1,DFS,59124,59124,120489,42913,0.37936872099999874,False
8puzzle,4,1,UCS,4,4,30,18,8.448699999519249e-05,False
8puzzle,4,1,IDS,4,4,56,5,8.179299999966361e-05,False
8puzzle,4,1,A*_manhattan,4,4,5,4,3.9409999999406864e-05,False
8puzzle,4,1,A*_misplaced,4,4,5,4,2.328499999748601e-05,False
8puzzle,4,1,A*_w3_manhattan,4,4,5,4,2.7912000000185344e-05,False
8puzzle,4,2,BFS,4,4,26,18,7.351099999652888e-05,False
8puzzle,4,2,DFS,30,30,31,26,5.2427999996496055e-05,False
8puzzle,4,2,UCS,4,4,26,18,4.63590000023828e-05,False
8puzzle,4,2,IDS,4,4,49,5,5.444199999971033e-05,False
8puzzle,4,2,A*_manhattan,4,4,5,6,3.2679000000257474e-05,False
8puzzle,4,2,A*_misplaced,4,4,6,7,2.5788999998610507e-05,False
8puzzle,4,2,A*_w3_manhattan,4,4,5,6,2.9384999997716932e-05,False
8puzzle,4,3,BFS,4,4,26,18,3.864800000030755e-05,False
8puzzle,4,3,DFS,322,322,329,261,0.0005758359999958884,False
8puzzle,4,3,UCS,4,4,26,18,4.680100000342691e-05,False
8puzzle,4,3,IDS,4,4,49,5,5.303999999739517e-05,False
8puzzle,4,3,A*_manhattan,4,4,5,6,3.27499999954739e-05,False
8puzzle,4,3,A*_misplaced,4,4,5,6,2.1181000001035954e-05,False
8puzzle,4,3,A*_w3_manhattan,4,4,5,6,2.983500000652839e-05,False
8puzzle,4,4,BFS,4,4,26,18,3.8768000003130965e-05,False
8puzzle,4,4,DFS,30,30,31,26,4.997500000314403e-05,False
8puzzle,4,4,UCS,4,4,26,18,4.519799999513907e-05,False
8puzzle,4,4,IDS,4,4,49,5,5.0665999999921496e-05,False
8puzzle,4,4,A*_manhattan,4,4,5,6,3.1456999998624724e-05,False
8puzzle,4,4,A*_misplaced,4,4,5,6,2.042100000210212e-05,False
8puzzle,4,4,A*_w3_manhattan,4,4,5,6,2.859300000324083e-05,False
8puzzle,4,5,BFS,4,4,26,18,3.809799999743291e-05,False
8puzzle,4,5,DFS,2560,2560,2632,2048,0.004774579999995865,False
8puzzle,4,5,UCS,4,4,26,18,4.997500000314403e-05,False
8puzzle,4,5,IDS,4,4,49,5,5.308999999442676e-05,False
8puzzle,4,5,A*_manhattan,4,4,5,6,3.275899999977128e-05,False
8puzzle,4,5,A*_misplaced,4,4,5,6,2.198299999633946e-05,False
8puzzle,4,5,A*_w3_manhattan,4,4,5,6,2.9645000005018574e-05,False
8puzzle,4,6,BFS,4,4,22,18,3.296899999583047e-05,False
8puzzle,4,6,DFS,66420,66420,97074,42946,0.20840523799999744,False
8puzzle,4,6,UCS,4,4,22,18,7.2699999996928e-05,False
8puzzle,4,6,IDS,4,4,41,5,6.391700000563105e-05,False
8puzzle,4,6,A*_manhattan,4,4,5,6,4.476699999855782e-05,False
8puzzle,4,6,A*_misplaced,4,4,5,6,2.7049999999917418e-05,False
8puzzle,4,6,A*_w3_manhattan,4,4,5,6,3.120699999925591e-05,False
8puzzle,4,7,BFS,4,4,22,18,3.9659999998775675e-05,False
8puzzle,4,7,DFS,13894,13894,14296,10940,0.02842882099999855,False
8puzzle,4,7,UCS,4,4,22,18,5.234799999698225e-05,False
8puzzle,4,7,IDS,4,4,41,5,5.1888000001554246e-05,False
8puzzle,4,7,A*_manhattan,4,4,5,6,4.0601000002027376e-05,False
8puzzle,4,7,A*_misplaced,4,4,5,6,2.482699999717397e-05,False
8puzzle,4,7,A*_w3_manhattan,4,4,5,6,3.1036999999400905e-05,False
8puzzle,4,8,BFS,4,4,24,18,3.834799999680172e-05,False
8puzzle,4,8,DFS,26,26,27,23,4.630899999824578e-05,False
8puzzle,4,8,UCS,4,4,24,18,5.94490000054293e-05,False
8puzzle,4,8,IDS,4,4,46,5,4.9124000000233536e-05,False
8puzzle,4,8,A*_manhattan,4,4,5,6,3.183799999817438e-05,False
8puzzle,4,8,A*_misplaced,4,4,5,6,2.1481999993966383e-05,False
8puzzle,4,8,A*_w3_manhattan,4,4,5,6,3.055599999868264e-05,False
8puzzle,4,9,BFS,4,4,24,18,3.6053999998841846e-05,False
8puzzle,4,9,DFS,22646,22646,23538,17489,0.04644010599999859,False
8puzzle,4,9,UCS,4,4,24,18,5.9550000003127934e-05,False
8puzzle,4,9,IDS,4,4,46,5,6.377599999751737e-05,False
8puzzle,4,9,A*_manhattan,4,4,5,6,4.094199999826742e-05,False
8puzzle,4,9,A*_misplaced,4,4,5,6,2.594899999763811e-05,False
8puzzle,4,9,A*_w3_manhattan,4,4,5,6,3.09469999990597e-05,False
8puzzle,8,0,BFS,8,8,153,116,0.00023033600000132992,False
8puzzle,8,0,DFS,8,8,9,8,1.5472999997712122e-05,False
8puzzle,8,0,UCS,8,8,153,116,0.0003087439999944763,False
8puzzle,8,0,IDS,8,8,357,8,0.00037535499999563626,False
8puzzle,8,0,A*_manhattan,8,8,9,8,5.423100000001568e-05,False
8puzzle,8,0,A*_misplaced,8,8,19,18,7.831799999991063e-05,False
8puzzle,8,0,A*_w3_manhattan,8,8,9,8,5.102699999781635e-05,False
8puzzle,8,1,BFS,8,8,272,170,0.00040672099999738975,False
8puzzle,8,1,DFS,65080,65080,88873,42502,0.18165292799999833,False
8puzzle,8,1,UCS,8,8,272,170,0.0005548239999981774,False
8puzzle,8,1,IDS,12,12,2469,13,0.0027029150000004165,False
8puzzle,8,1,A*_manhattan,8,8,12,12,8.737200000297207e-05,False
8puzzle,8,1,A*_misplaced,8,8,26,22,0.00011113700000464632,False
8puzzle,8,1,A*_w3_manhattan,8,8,12,12,7.388100000582654e-05,False
8puzzle,8,2,BFS,8,8,153,116,0.00024167400000152384,False
8puzzle,8,2,DFS,8,8,9,8,1.6545000001144672e-05,False
8puzzle,8,2,UCS,8,8,153,116,0.0002788500000008298,False
8puzzle,8,2,IDS,8,8,357,8,0.0003724799999957895,False
8puzzle,8,2,A*_manhattan,8,8,9,8,5.5813999999543285e-05,False
8puzzle,8,2,A*_misplaced,8,8,9,8,3.61949999998501e-05,False
8puzzle,8,2,A*_w3_manhattan,8,8,9,8,5.08159999981217e-05,False
8puzzle,8,3,BFS,8,8,306,187,0.00044355700000409115,False
8puzzle,8,3,DFS,65826,65826,93686,42803,0.2833382719999946,False
8puzzle,8,3,UCS,8,8,306,187,0.0006388509999979419,False
8puzzle,8,3,IDS,10,10,1410,11,0.0017703419999932635,False
8puzzle,8,3,A*_manhattan,8,8,13,12,9.491299999808689e-05,False
8puzzle,8,3,A*_misplaced,8,8,17,15,7.500299999918525e-05,False
8puzzle,8,3,A*_w3_manhattan,8,8,14,13,0.00011636500000378192,False
8puzzle,8,4,BFS,8,8,212,140,0.00031017700000290915,False
8puzzle,8,4,DFS,26576,26576,27755,20339,0.060660511000001804,False
8puzzle,8,4,UCS,8,8,212,140,0.00041247099999708325,False
8puzzle,8,4,IDS,8,8,502,10,0.00053129900000215,False
8puzzle,8,4,A*_manhattan,8,8,16,14,0.00011832799999922372,False
8puzzle,8,4,A*_misplaced,8,8,27,20,0.00010958499999702553,False
8puzzle,8,4,A*_w3_manhattan,8,8,11,11,6.554899999855479e-05,False
8puzzle,8,5,BFS,8,8,261,147,0.00036632100000133505,False
8puzzle,8,5,DFS,288,288,295,234,0.0004863819999982866,False
8puzzle,8,5,UCS,8,8,261,147,0.00044999600000039663,False
8puzzle,8,5,IDS,8,8,593,8,0.0006162270000018566,False
8puzzle,8,5,A*_manhattan,8,8,13,12,9.798800000027086e-05,False
8puzzle,8,5,A*_misplaced,8,8,21,18,8.61599999950613e-05,False
8puzzle,8,5,A*_w3_manhattan,8,8,9,8,5.099700000243956e-05,False
8puzzle,8,6,BFS,8,8,237,137,0.0003307670000012308,False
8puzzle,8,6,DFS,43878,43878,48067,31544,0.10379280299999749,False
8puzzle,8,6,UCS,8,8,237,137,0.0005183600000009392,False
8puzzle,8,6,IDS,8,8,541,8,0.0006418849999931808,False
8puzzle,8,6,A*_manhattan,8,8,16,13,0.00010525899999436206,False
8puzzle,8,6,A*_misplaced,8,8,20,18,8.619899999473546e-05,False
8puzzle,8,6,A*_w3_manhattan,8,8,10,10,6.049099999927421e-05,False
8puzzle,8,7,BFS,8,8,230,149,0.0003608819999953994,False
8puzzle,8,7,DFS,46200,46200,51120,32973,0.11177518699999212,False
8puzzle,8,7,UCS,8,8,230,149,0.000653702999997563,False
8puzzle,8,7,IDS,8,8,548,10,0.0007096770000032393,False
8puzzle,8,7,A*_manhattan,8,8,13,12,9.24889999964762e-05,False
8puzzle,8,7,A*_misplaced,8,8,19,16,8.312500000329237e-05,False
8puzzle,8,7,A*_w3_manhattan,8,8,9,10,5.766700000719993e-05,False
8puzzle,8,8,BFS,8,8,261,147,0.00042424800000162577,False
8puzzle,8,8,DFS,56966,56966,67856,38802,0.14675761400000908,False
8puzzle,8,8,UCS,8,8,261,147,0.0005519190000029539,False
8puzzle,8,8,IDS,8,8,593,8,0.0006226659999981621,False
8puzzle,8,8,A*_manhattan,8,8,9,8,6.295499998998366e-05,False
8puzzle,8,8,A*_misplaced,8,8,10,9,4.502800000238949e-05,False
8puzzle,8,8,A*_w3_manhattan,8,8,9,8,5.1388000002816625e-05,False
8puzzle,8,9,BFS,8,8,266,165,0.00046575000000359523,False
8puzzle,8,9,DFS,346,346,356,282,0.0007717900000017153,False
8puzzle,8,9,UCS,8,8,266,165,0.00047314100000050985,False
8puzzle,8,9,IDS,8,8,639,10,0.0007912800000013931,False
8puzzle,8,9,A*_manhattan,8,8,12,11,7.943900000384474e-05,False
8puzzle,8,9,A*_misplaced,8,8,19,16,7.887799999650724e-05,False
8puzzle,8,9,A*_w3_manhattan,8,8,12,11,7.053600000972438e-05,False
8puzzle,12,0,BFS,12,12,1488,897,0.0023971950000003517,False
8puzzle,12,0,DFS,18,18,19,17,3.5173000000554566e-05,False
8puzzle,12,0,UCS,12,12,1488,897,0.002937888000005273,False
8puzzle,12,0,IDS,12,12,7255,14,0.00841011699999683,False
8puzzle,12,0,A*_manhattan,12,12,25,19,0.00016092199999206969,False
8puzzle,12,0,A*_misplaced,12,12,93,70,0.0005195009999994227,False
8puzzle,12,0,A*_w3_manhattan,12,12,13,12,8.153199999583194e-05,False
8puzzle,12,1,BFS,12,12,1488,897,0.0023971250000016653,False
8puzzle,12,1,DFS,310,310,317,252,0.0005494969999944033,False
8puzzle,12,1,UCS,12,12,1488,897,0.002961182999996481,False
8puzzle,12,1,IDS,12,12,7255,14,0.009144650999999726,False
8puzzle,12,1,A*_manhattan,12,12,19,15,0.00012143200000025445,False
8puzzle,12,1,A*_misplaced,12,12,84,57,0.0003597810000002255,False
8puzzle,12,1,A*_w3_manhattan,12,12,13,12,8.084199998847907e-05,False
8puzzle,12,2,BFS,12,12,1325,832,0.0021637540000085664,False
8puzzle,12,2,DFS,34370,34370,36600,25550,0.09808040300001153,False
8puzzle,12,2,UCS,12,12,1325,832,0.002714593000007426,False
8puzzle,12,2,IDS,22,22,41973,20,0.050547053000002506,False
8puzzle,12,2,A*_manhattan,12,12,41,35,0.0002585889999977553,False
8puzzle,12,2,A*_misplaced,12,12,103,70,0.0004623449999883178,False
8puzzle,12,2,A*_w3_manhattan,12,12,94,66,0.0005282239999928606,False
8puzzle,12,3,BFS,12,12,1325,832,0.002397165000004975,False
8puzzle,12,3,DFS,332,332,339,265,0.0005514989999966247,False
8puzzle,12,3,UCS,12,12,1325,832,0.0027827039999976932,False
8puzzle,12,3,IDS,12,12,2334,12,0.0026411219999999958,False
8puzzle,12,3,A*_manhattan,12,12,36,27,0.00021409199999311568,False
8puzzle,12,3,A*_misplaced,12,12,102,74,0.00043211999999925865,False
8puzzle,12,3,A*_w3_manhattan,14,14,67,50,0.00038021099999241414,False
8puzzle,12,4,BFS,12,12,1325,832,0.001947839999999701,False
8puzzle,12,4,DFS,57766,57766,68866,39095,0.14811149999999884,False
8puzzle,12,4,UCS,12,12,1325,832,0.004487177999990877,False
8puzzle,12,4,IDS,12,12,14322,16,0.01590960500000449,False
8puzzle,12,4,A*_manhattan,12,12,18,15,0.00012032099999714774,False
8puzzle,12,4,A*_misplaced,12,12,82,61,0.0003269510000052378,False
8puzzle,12,4,A*_w3_manhattan,12,12,14,13,8.411599999647024e-05,False
8puzzle,12,5,BFS,12,12,1325,832,0.0023317469999994955,False
8puzzle,12,5,DFS,66082,66082,100953,42913,0.21491423800000575,False
8puzzle,12,5,UCS,12,12,1325,832,0.0028449480000034555,False
8puzzle,12,5,IDS,12,12,2334,12,0.0025659289999993007,False
8puzzle,12,5,A*_manhattan,12,12,18,15,0.00013512300000684263,False
8puzzle,12,5,A*_misplaced,12,12,86,62,0.00034365599999830465,False
8puzzle,12,5,A*_w3_manhattan,12,12,14,13,8.541900000125224e-05,False
8puzzle,12,6,BFS,12,12,1191,787,0.0018023599999992257,False
8puzzle,12,6,DFS,24,24,25,22,4.4185999996670944e-05,False
8puzzle,12,6,UCS,12,12,1191,787,0.002555882999999426,False
8puzzle,12,6,IDS,12,12,2284,12,0.0025018120000055433,False
8puzzle,12,6,A*_manhattan,12,12,13,10,8.124299999678897e-05,False
8puzzle,12,6,A*_misplaced,12,12,74,60,0.000298698999998237,False
8puzzle,12,6,A*_w3_manhattan,12,12,13,10,9.05360000018618e-05,False
8puzzle,12,7,BFS,12,12,2339,1284,0.0037530939999896873,False
8puzzle,12,7,DFS,17638,17638,18218,13782,0.03782764500000724,False
8puzzle,12,7,UCS,12,12,2339,1284,0.005308942999988631,False
8puzzle,12,7,IDS,12,12,3602,13,0.00388700599999936,False
8puzzle,12,7,A*_manhattan,12,12,18,15,0.00013456199999950513,False
8puzzle,12,7,A*_misplaced,12,12,103,71,0.0004057700000004161,False
8puzzle,12,7,A*_w3_manhattan,12,12,18,15,0.00010573900000565573,False
8puzzle,12,8,BFS,12,12,1135,763,0.0017140770000025896,False
8puzzle,12,8,DFS,65904,65904,95464,42853,0.2099832529999901,False
8puzzle,12,8,UCS,12,12,1135,763,0.002374449999990702,False
8puzzle,12,8,IDS,12,12,2156,12,0.002547240999987821,False
8puzzle,12,8,A*_manhattan,12,12,29,22,0.0001812529999938306,False
8puzzle,12,8,A*_misplaced,12,12,89,64,0.00035657699999092074,False
8puzzle,12,8,A*_w3_manhattan,12,12,15,13,8.8813999994386e-05,False
8puzzle,12,9,BFS,12,12,2182,1234,0.0037919119999969553,False
8puzzle,12,9,DFS,44024,44024,48243,31642,0.10938525299999924,False
8puzzle,12,9,UCS,12,12,2182,1234,0.004626216999994881,False
8puzzle,12,9,IDS,16,16,28178,19,0.03342509499999835,False
8puzzle,12,9,A*_manhattan,12,12,39,29,0.00024540900000147303,False
8puzzle,12,9,A*_misplaced,12,12,113,80,0.0004706579999975702,False
8puzzle,12,9,A*_w3_manhattan,12,12,19,17,0.00011273899998798242,False
8puzzle,16,0,BFS,16,16,9655,5107,0.02109313999999074,False
8puzzle,16,0,DFS,33764,33764,35788,25198,0.07504366100000937,False
8puzzle,16,0,UCS,16,16,9655,5107,0.024164468000009265,False
8puzzle,16,0,IDS,16,16,10471,15,0.012850143999997954,False
8puzzle,16,0,A*_manhattan,16,16,115,74,0.0007264130000095292,False
8puzzle,16,0,A*_misplaced,16,16,536,346,0.0022631739999923184,False
8puzzle,16,0,A*_w3_manhattan,22,22,93,61,0.000597388000002752,False
8puzzle,16,1,BFS,16,16,7281,4485,0.013209333999995465,False
8puzzle,16,1,DFS,42,42,43,36,7.755700001155219e-05,False
8puzzle,16,1,UCS,16,16,7281,4485,0.01794960200000162,False
8puzzle,16,1,IDS,16,16,8426,15,0.010969226000000276,False
8puzzle,16,1,A*_manhattan,16,16,159,105,0.000944720999996207,False
8puzzle,16,1,A*_misplaced,16,16,602,389,0.003042704999998591,False
8puzzle,16,1,A*_w3_manhattan,20,20,83,55,0.0006289650000042002,False
8puzzle,16,2,BFS,16,16,10181,5260,0.016784861999994405,False
8puzzle,16,2,DFS,62254,62254,78244,41180,0.17491295399999274,False
8puzzle,16,2,UCS,16,16,10181,5260,0.02755296400000873,False
8puzzle,16,2,IDS,18,18,19258,17,0.022516400000000658,False
8puzzle,16,2,A*_manhattan,16,16,120,78,0.0007578000000023621,False
8puzzle,16,2,A*_misplaced,16,16,564,368,0.002593089000001214,False
8puzzle,16,2,A*_w3_manhattan,20,20,108,71,0.0006232770000025312,False
8puzzle,16,3,BFS,16,16,7281,4485,0.012538174999988883,False
8puzzle,16,3,DFS,42,42,43,36,7.878800001037689e-05,False
8puzzle,16,3,UCS,16,16,7281,4485,0.017574427999988984,False
8puzzle,16,3,IDS,16,16,8426,15,0.009284702000002198,False
8puzzle,16,3,A*_manhattan,16,16,161,103,0.0009108099999934893,False
8puzzle,16,3,A*_misplaced,16,16,578,370,0.004744385000009288,False
8puzzle,16,3,A*_w3_manhattan,16,16,44,32,0.0002617140000040763,False
8puzzle,16,4,BFS,16,16,10181,5260,0.018905330000009712,False
8puzzle,16,4,DFS,2578,2578,2650,2063,0.004800678999998809,False
8puzzle,16,4,UCS,16,16,10181,5260,0.027610400000000368,False
8puzzle,16,4,IDS,18,18,19527,17,0.02199948199999824,False
8puzzle,16,4,A*_manhattan,16,16,130,88,0.0007739939999993339,False
8puzzle,16,4,A*_misplaced,16,16,549,344,0.0024052870000019766,False
8puzzle,16,4,A*_w3_manhattan,18,18,45,32,0.00029544400000247606,False
8puzzle,16,5,BFS,16,16,9143,5008,0.014971995000010452,False
8puzzle,16,5,DFS,60548,60548,74471,40435,0.16319889899999396,False
8puzzle,16,5,UCS,16,16,9143,5008,0.024383858000007308,False
8puzzle,16,5,IDS,20,20,29998,18,0.034395964000012214,False
8puzzle,16,5,A*_manhattan,16,16,89,64,0.0005305380000066862,False
8puzzle,16,5,A*_misplaced,16,16,532,346,0.0021297629999992296,False
8puzzle,16,5,A*_w3_manhattan,20,20,89,59,0.0005312389999971856,False
8puzzle,16,6,BFS,16,16,9143,5008,0.015912950000000592,False
8puzzle,16,6,DFS,13882,13882,14284,10930,0.029057366000003526,False
8puzzle,16,6,UCS,16,16,9143,5008,0.021646531999991225,False
8puzzle,16,6,IDS,16,16,9753,15,0.011408837000004723,False
8puzzle,16,6,A*_manhattan,16,16,90,65,0.0009922219999936033,False
8puzzle,16,6,A*_misplaced,16,16,531,344,0.0025637650000049916,False
8puzzle,16,6,A*_w3_manhattan,20,20,89,59,0.0005506069999938745,False
8puzzle,16,7,BFS,16,16,11393,6089,0.0196956980000067,False
8puzzle,16,7,DFS,306,306,314,250,0.0005656400000049189,False
8puzzle,16,7,UCS,16,16,11393,6089,0.027944051999995168,False
8puzzle,16,7,IDS,16,16,12391,16,0.015686049000009916,False
8puzzle,16,7,A*_manhattan,16,16,87,60,0.0005376390000009224,False
8puzzle,16,7,A*_misplaced,16,16,647,400,0.0028782079999984944,False
8puzzle,16,7,A*_w3_manhattan,16,16,125,88,0.0007747149999914882,False
8puzzle,16,8,BFS,16,16,11053,5455,0.018587871999997674,False
8puzzle,16,8,DFS,30732,30732,155723,42826,0.34430870100000277,False
8puzzle,16,8,UCS,16,16,11053,5455,0.02792071700000065,False
8puzzle,16,8,IDS,16,16,11577,15,0.013530767999995419,False
8puzzle,16,8,A*_manhattan,16,16,100,67,0.0005900369999949362,False
8puzzle,16,8,A*_misplaced,16,16,538,329,0.0022371040000024323,False
8puzzle,16,8,A*_w3_manhattan,20,20,146,105,0.0008298279999934266,False
8puzzle,16,9,BFS,16,16,10562,5350,0.01819950899999867,False
8puzzle,16,9,DFS,62918,62918,112635,42826,0.2499540509999889,False
8puzzle,16,9,UCS,16,16,10562,5350,0.02764409600000306,False
8puzzle,16,9,IDS,18,18,23710,17,0.02585243700001172,False
8puzzle,16,9,A*_manhattan,16,16,55,37,0.00032494899998880555,False
8puzzle,16,9,A*_misplaced,16,16,511,307,0.00203931700001192,False
8puzzle,16,9,A*_w3_manhattan,18,18,70,53,0.0004163260000069613,False
grid,5,0,BFS,31,8,25,5,3.948900000239064e-05,False
grid,5,0,DFS,87,16,17,9,2.31049999968036e-05,False
grid,5,0,UCS,26,8,24,8,3.249899999957506e-05,False
grid,5,0,IDS,31,8,109,7,0.00012276500000041324,False
grid,5,0,A*_grid,26,8,22,8,3.929900000798625e-05,False
grid,5,0,A*_grid_w3,26,8,11,10,2.0500999994510494e-05,False
grid,5,1,BFS,36,8,25,5,2.6589999990278557e-05,False
grid,5,1,DFS,75,16,17,9,2.0410999994169288e-05,False
grid,5,1,UCS,30,8,25,6,3.195800000810323e-05,False
grid,5,1,IDS,36,8,109,7,9.798700000374083e-05,False
grid,5,1,A*_grid,30,8,24,7,5.652499999087013e-05,False
grid,5,1,A*_grid_w3,30,8,21,7,3.314900000361831e-05,False
grid,5,2,BFS,34,8,25,5,2.5498999988826654e-05,False
grid,5,2,DFS,67,16,17,9,1.970000000994787e-05,False
grid,5,2,UCS,23,8,20,7,2.6298999998175532e-05,False
grid,5,2,IDS,34,8,109,7,9.462299999540846e-05,False
grid,5,2,A*_grid,23,8,18,9,2.979399999958332e-05,False
grid,5,2,A*_grid_w3,25,8,10,8,1.6405000010877302e-05,False
grid,5,3,BFS,42,8,25,5,2.455700000325578e-05,False
grid,5,3,DFS,96,16,17,9,1.898799999366929e-05,False
grid,5,3,UCS,41,8,25,6,3.056599999240461e-05,False
grid,5,3,IDS,42,8,109,7,9.41419999946902e-05,False
grid,5,3,A*_grid,41,8,25,6,3.6434000008966905e-05,False
grid,5,3,A*_grid_w3,41,8,25,6,3.654500000038752e-05,False
grid,5,4,BFS,49,8,25,5,2.42659999969419e-05,False
grid,5,4,DFS,88,16,17,9,1.8918999998618347e-05,False
grid,5,4,UCS,35,8,25,8,3.113699999346409e-05,False
grid,5,4,IDS,49,8,109,7,0.00011016500000948781,False
grid,5,4,A*_grid,35,8,25,9,3.8587999995343125e-05,False
grid,5,4,A*_grid_w3,35,8,18,9,2.8413000009663847e-05,False
grid,5,5,BFS,38,8,25,5,2.4777000007247807e-05,False
grid,5,5,DFS,86,16,17,9,1.915900000426518e-05,False
grid,5,5,UCS,34,8,25,6,3.020500000161519e-05,False
grid,5,5,IDS,38,8,109,7,9.394200000656383e-05,False
grid,5,5,A*_grid,34,8,24,7,3.6614999999073916e-05,False
grid,5,5,A*_grid_w3,34,8,20,8,3.030600001352468e-05,False
grid,5,6,BFS,36,8,25,5,2.4236999990989716e-05,False
grid,5,6,DFS,73,16,17,9,1.836799999921368e-05,False
grid,5,6,UCS,25,8,24,8,2.993599999001617e-05,False
grid,5,6,IDS,36,8,109,7,9.249000000011165e-05,False
grid,5,6,A*_grid,25,8,24,8,3.5312999997927363e-05,False
grid,5,6,A*_grid_w3,25,8,13,9,1.9709000000034393e-05,False
grid,5,7,BFS,55,8,25,5,2.3555000012720484e-05,False
grid,5,7,DFS,101,16,17,9,1.7986999992558594e-05,False
grid,5,7,UCS,40,8,25,6,2.974400000255173e-05,False
grid,5,7,IDS,55,8,109,7,9.375099999431313e-05,False
grid,5,7,A*_grid,40,8,25,9,3.6395000009292744e-05,False
grid,5,7,A*_grid_w3,40,8,24,9,3.520299999593135e-05,False
grid,5,8,BFS,49,8,25,5,2.4205999991977478e-05,False
grid,5,8,DFS,75,16,17,9,1.7697000004091024e-05,False
grid,5,8,UCS,28,8,25,7,3.0025000000932778e-05,False
grid,5,8,IDS,49,8,109,7,9.095699999761564e-05,False
grid,5,8,A*_grid,28,8,24,7,5.296900000928417e-05,False
grid,5,8,A*_grid_w3,28,8,12,7,1.8608000004860514e-05,False
grid,5,9,BFS,27,8,25,5,2.4867000007589013e-05,False
grid,5,9,DFS,60,16,17,9,1.9418999997355968e-05,False
grid,5,9,UCS,27,8,23,6,2.885299998922619e-05,False
grid,5,9,IDS,27,8,109,7,0.0003618339999889031,False
grid,5,9,A*_grid,27,8,20,7,3.3931000004372436e-05,False
grid,5,9,A*_grid_w3,27,8,11,7,1.742599999943195e-05,False
grid,8,0,BFS,73,14,64,8,6.664999999372867e-05,False
grid,8,0,DFS,148,28,43,29,5.03060000056621e-05,False
grid,8,0,UCS,39,14,60,13,7.712600000786551e-05,False
grid,8,0,IDS,73,14,421,13,0.00047701699999436187,False
grid,8,0,A*_grid,39,14,50,17,8.26449999919987e-05,False
grid,8,0,A*_grid_w3,39,14,19,17,3.320000000428536e-05,False
grid,8,1,BFS,64,14,64,8,6.313500000487693e-05,False
grid,8,1,DFS,122,28,43,29,4.6981000011214746e-05,False
grid,8,1,UCS,42,14,64,15,8.023099999832084e-05,False
grid,8,1,IDS,64,14,421,13,0.0003800319999953672,False
grid,8,1,A*_grid,42,14,63,18,0.00011205900000277325,False
grid,8,1,A*_grid_w3,42,14,43,30,7.405100001278697e-05,False
grid,8,2,BFS,70,14,64,8,6.263400000250385e-05,False
grid,8,2,DFS,155,28,43,29,4.7181000013551966e-05,False
grid,8,2,UCS,51,14,64,13,9.745599999178012e-05,False
grid,8,2,IDS,70,14,421,13,0.0003789600000061455,False
grid,8,2,A*_grid,51,14,62,15,9.55329999925425e-05,False
grid,8,2,A*_grid_w3,51,14,32,24,5.3691000005073874e-05,False
grid,8,3,BFS,79,14,64,8,6.280499999888889e-05,False
grid,8,3,DFS,147,28,43,29,4.7030000004610883e-05,False
grid,8,3,UCS,50,14,64,14,9.399099999995997e-05,False
grid,8,3,IDS,79,14,421,13,0.00037890999999490305,False
grid,8,3,A*_grid,50,14,64,18,0.0001002610000000459,False
grid,8,3,A*_grid_w3,50,14,59,24,9.829800001170952e-05,False
grid,8,4,BFS,79,14,64,8,6.149300000402036e-05,False
grid,8,4,DFS,150,28,43,29,4.576799999256309e-05,False
grid,8,4,UCS,52,14,64,12,7.927900000481714e-05,False
grid,8,4,IDS,79,14,421,13,0.00039828900000316025,False
grid,8,4,A*_grid,52,14,63,13,9.627500000419786e-05,False
grid,8,4,A*_grid_w3,52,14,49,25,8.188299999289939e-05,False
grid,8,5,BFS,61,14,64,8,6.185299999117433e-05,False
grid,8,5,DFS,119,28,43,29,4.608999999788921e-05,False
grid,8,5,UCS,38,14,63,13,7.918900000447593e-05,False
grid,8,5,IDS,61,14,421,13,0.00039406299998745453,False
grid,8,5,A*_grid,38,14,61,17,9.545399998955872e-05,False
grid,8,5,A*_grid_w3,38,14,22,17,3.744599999322418e-05,False
grid,8,6,BFS,70,14,64,8,6.130200000598052e-05,False
grid,8,6,DFS,131,28,43,29,4.610899999590856e-05,False
grid,8,6,UCS,46,14,64,13,7.873899998855904e-05,False
grid,8,6,IDS,70,14,421,13,0.0003790600000002087,False
grid,8,6,A*_grid,46,14,62,14,9.303999999588086e-05,False
grid,8,6,A*_grid_w3,46,14,31,21,5.3561000001423054e-05,False
grid,8,7,BFS,71,14,64,8,6.128200000432571e-05,False
grid,8,7,DFS,155,28,43,29,6.0039999993932724e-05,False
grid,8,7,UCS,49,14,62,12,7.678500000452004e-05,False
grid,8,7,IDS,71,14,421,13,0.0003981389999978546,False
grid,8,7,A*_grid,49,14,61,15,9.372099999893635e-05,False
grid,8,7,A*_grid_w3,49,14,29,24,5.0505999993788464e-05,False
grid,8,8,BFS,90,14,64,8,6.13320000013573e-05,False
grid,8,8,DFS,154,28,43,29,4.6549999993317215e-05,False
grid,8,8,UCS,50,14,63,10,7.712599999365466e-05,False
grid,8,8,IDS,90,14,421,13,0.00039121800000430085,False
grid,8,8,A*_grid,50,14,62,11,9.40219999989722e-05,False
grid,8,8,A*_grid_w3,50,14,45,21,7.400100000154453e-05,False
grid,8,9,BFS,66,14,64,8,6.167300000470277e-05,False
grid,8,9,DFS,125,28,43,29,4.6380000000567634e-05,False
grid,8,9,UCS,47,14,64,12,7.913900000744434e-05,False
grid,8,9,IDS,66,14,421,13,0.000372931000001131,False
grid,8,9,A*_grid,47,14,64,15,0.00011253899999985606,False
grid,8,9,A*_grid_w3,47,14,47,23,8.047100000396767e-05,False
grid,12,0,BFS,102,22,144,12,0.00014822299999650568,False
grid,12,0,DFS,307,66,89,67,0.0001052379999890718,False
grid,12,0,UCS,66,22,144,23,0.00018664099999909922,False
grid,12,0,IDS,96,22,1403,22,0.0013413070000041216,False
grid,12,0,A*_grid,66,22,141,33,0.00025538399999902595,False
grid,12,0,A*_grid_w3,66,22,39,32,8.839299999863215e-05,False
grid,12,1,BFS,131,22,144,12,0.00016189400000143905,False
grid,12,1,DFS,368,66,89,67,0.00011206899999649522,False
grid,12,1,UCS,72,22,143,20,0.000211317999998073,False
grid,12,1,IDS,127,22,1403,22,0.0014349369999990813,False
grid,12,1,A*_grid,72,22,141,22,0.00022399700000619305,False
grid,12,1,A*_grid_w3,72,22,66,40,0.00012042100000542177,False
grid,12,2,BFS,113,22,144,12,0.00014694099999701393,False
grid,12,2,DFS,305,66,89,67,0.00010215300000027128,False
grid,12,2,UCS,71,22,144,19,0.0002012430000064569,False
grid,12,2,IDS,113,22,1403,22,0.0013848330000030273,False
grid,12,2,A*_grid,71,22,144,21,0.0002283630000050607,False
grid,12,2,A*_grid_w3,71,22,74,36,0.00013005599998905382,False
grid,12,3,BFS,101,22,144,12,0.0001412529999953449,False
grid,12,3,DFS,314,66,89,67,0.0001285530000103563,False
grid,12,3,UCS,65,22,142,20,0.00018022199999734312,False
grid,12,3,IDS,96,22,1403,22,0.001336199999997234,False
grid,12,3,A*_grid,65,22,142,26,0.00022859399999219931,False
grid,12,3,A*_grid_w3,65,22,59,54,0.0001123390000117297,False
grid,12,4,BFS,116,22,144,12,0.0001598909999955822,False
grid,12,4,DFS,325,66,89,67,0.00010156300000119245,False
grid,12,4,UCS,72,22,144,23,0.00018319500000529843,False
grid,12,4,IDS,94,22,1403,22,0.001347365999990302,False
grid,12,4,A*_grid,72,22,144,26,0.0002464609999890399,False
grid,12,4,A*_grid_w3,72,22,57,46,0.00010823299999174196,False
grid,12,5,BFS,125,22,144,12,0.00014259399999616562,False
grid,12,5,DFS,322,66,89,67,0.00010028099998748985,False
grid,12,5,UCS,71,22,144,21,0.00018099199999710436,False
grid,12,5,IDS,108,22,1403,22,0.0016888090000009015,False
grid,12,5,A*_grid,71,22,143,26,0.00023700599999187943,False
grid,12,5,A*_grid_w3,71,22,56,44,0.00010545799999306382,False
grid,12,6,BFS,88,22,144,12,0.00014459700000202247,False
grid,12,6,DFS,284,66,89,67,0.00010271499999703337,False
grid,12,6,UCS,65,22,144,22,0.0002021540000072264,False
grid,12,6,IDS,99,22,1403,22,0.0013633700000070803,False
grid,12,6,A*_grid,65,22,144,32,0.0002283030000000963,False
grid,12,6,A*_grid_w3,65,22,50,49,9.579500000711505e-05,False
grid,12,7,BFS,130,22,144,12,0.0001437260000045626,False
grid,12,7,DFS,339,66,89,67,0.00011816800000019612,False
grid,12,7,UCS,75,22,143,23,0.00018339599999706024,False
grid,12,7,IDS,104,22,1403,22,0.0013292989999911242,False
grid,12,7,A*_grid,75,22,142,31,0.00022814300000106869,False
grid,12,7,A*_grid_w3,75,22,65,50,0.00011909900000262041,False
grid,12,8,BFS,104,22,144,12,0.00015487299999961124,False
grid,12,8,DFS,305,66,89,67,0.00010208300000158488,False
grid,12,8,UCS,76,22,144,20,0.000198839000006501,False
grid,12,8,IDS,109,22,1403,22,0.0013321739999980764,False
grid,12,8,A*_grid,76,22,144,23,0.00022921400000086578,False
grid,12,8,A*_grid_w3,76,22,104,40,0.00019647499999564388,False
grid,12,9,BFS,100,22,144,12,0.00014230400000769805,False
grid,12,9,DFS,309,66,89,67,0.00010202299999662046,False
grid,12,9,UCS,66,22,143,18,0.0001816940000054501,False
grid,12,9,IDS,99,22,1403,22,0.0013250319999968951,False
grid,12,9,A*_grid,66,22,141,22,0.00023866899999802627,False
grid,12,9,A*_grid_w3,66,22,34,36,6.390599999406277e-05,False
grid,16,0,BFS,191,30,256,16,0.00027845900000045276,False
grid,16,0,DFS,620,120,151,121,0.00018075200000566838,False
grid,16,0,UCS,97,30,256,29,0.0003564059999945357,False
grid,16,0,IDS,242,44,5647,43,0.005735975000007443,False
grid,16,0,A*_grid,97,30,256,42,0.00043763799999396724,False
grid,16,0,A*_grid_w3,97,30,284,127,0.0006126709999989544,False
grid,16,1,BFS,154,30,256,16,0.00028629000000535143,False
grid,16,1,DFS,621,120,151,121,0.00019924999999432202,False
grid,16,1,UCS,93,30,256,29,0.00033374199999514076,False
grid,16,1,IDS,235,44,5647,43,0.005666301000005092,False
grid,16,1,A*_grid,93,30,256,35,0.0004166869999977507,False
grid,16,1,A*_grid_w3,93,30,137,72,0.00038009099999669615,False
grid,16,2,BFS,149,30,256,16,0.0003115379999911738,False
grid,16,2,DFS,587,120,151,121,0.00018024099999536247,False
grid,16,2,UCS,94,30,256,29,0.0003610829999871612,False
grid,16,2,IDS,209,44,5647,43,0.005810557999993193,False
grid,16,2,A*_grid,94,30,256,38,0.000431969999993953,False
grid,16,2,A*_grid_w3,94,30,124,66,0.00022716099999797734,False
grid,16,3,BFS,152,30,256,16,0.00026020200000687055,False
grid,16,3,DFS,568,120,151,121,0.0001785780000034265,False
grid,16,3,UCS,80,30,250,33,0.0003401419999988775,False
grid,16,3,IDS,210,44,5647,43,0.005733312000003821,False
grid,16,3,A*_grid,80,30,223,38,0.00036947499999939737,False
grid,16,3,A*_grid_w3,80,30,54,58,0.00010451699999691755,False
grid,16,4,BFS,145,30,256,16,0.0002568869999919343,False
grid,16,4,DFS,616,120,151,121,0.00017954000000486303,False
grid,16,4,UCS,93,30,256,29,0.00034890500000983593,False
grid,16,4,IDS,208,44,5647,43,0.006047003999995582,False
grid,16,4,A*_grid,93,30,254,38,0.0004216549999966901,False
grid,16,4,A*_grid_w3,93,30,102,73,0.0002050580000059199,False
grid,16,5,BFS,123,30,256,16,0.00025891900000374335,False
grid,16,5,DFS,601,120,151,121,0.00017929899999558074,False
grid,16,5,UCS,80,30,255,28,0.00033505400000422014,False
grid,16,5,IDS,200,44,5647,43,0.005637336999996023,False
grid,16,5,A*_grid,80,30,245,42,0.00041398300000139443,False
grid,16,5,A*_grid_w3,81,30,58,51,0.00011103699999637229,False
grid,16,6,BFS,149,30,256,16,0.0002583680000043387,False
grid,16,6,DFS,580,120,151,121,0.00019319999999822812,False
grid,16,6,UCS,90,30,256,28,0.0003327010000049313,False
grid,16,6,IDS,205,44,5647,43,0.005774384000005739,False
grid,16,6,A*_grid,90,30,254,37,0.0005205329999995456,False
grid,16,6,A*_grid_w3,90,30,83,75,0.00015987999999822478,False
grid,16,7,BFS,129,30,256,16,0.0002627350000068418,False
grid,16,7,DFS,586,120,151,121,0.0001837160000093263,False
grid,16,7,UCS,99,30,255,27,0.0003462499999926649,False
grid,16,7,IDS,178,44,5647,43,0.00561489300000062,False
grid,16,7,A*_grid,99,30,252,31,0.00043066799999280647,False
grid,16,7,A*_grid_w3,99,30,81,69,0.0001517480000075011,False
grid,16,8,BFS,165,30,256,16,0.0002572770000028868,False
grid,16,8,DFS,590,120,151,121,0.00018618999999375774,False
grid,16,8,UCS,83,30,255,31,0.00034787299999550214,False
grid,16,8,IDS,236,44,5647,43,0.005593472000001043,False
grid,16,8,A*_grid,83,30,226,41,0.00039301099999988764,False
grid,16,8,A*_grid_w3,83,30,60,47,0.00010964500000909538,False
grid,16,9,BFS,152,30,256,16,0.0002564849999941998,False
grid,16,9,DFS,620,120,151,121,0.00017884900000808557,False
grid,16,9,UCS,101,30,256,31,0.00036036199999500695,False
grid,16,9,IDS,219,44,5647,43,0.005602635000002465,False
grid,16,9,A*_grid,101,30,256,41,0.0004325709999903893,False
grid,16,9,A*_grid_w3,101,30,145,93,0.00028800300000852985,False
