domain,level,algorithm,cost_median,cost_iqr,length_median,length_iqr,expansions_median,expansions_iqr,frontier_median,frontier_iqr,time_median_s,time_iqr_s,timeouts,n
8puzzle,4,A*_manhattan,4.0,0.0,4.0,0,5.0,0,6.0,0,3.608449999958907e-05,8.262999998009946e-06,0,10
8puzzle,4,A*_misplaced,4.0,0.0,4.0,0,5.0,0,6.0,0,2.405599999732999e-05,4.467000003671728e-06,0,10
8puzzle,4,A*_w3_manhattan,4.0,0.0,4.0,0,5.0,0,6.0,0,3.0195500002605513e-05,1.652000001683973e-06,0,10
8puzzle,4,BFS,4.0,0.0,4.0,0,26.0,2,18.0,0,3.8708000001719256e-05,6.308000003230063e-06,0,10
8puzzle,4,DFS,1441.0,22616.0,1441.0,22616,1480.5,23507,1154.5,17463,0.0026752079999958767,0.04638778700000046,0,10
8puzzle,4,IDS,4.0,0.0,4.0,0,49.0,3,5.0,0,5.376599999706855e-05,1.2029000004076806e-05,0,10
8puzzle,4,UCS,4.0,0.0,4.0,0,26.0,2,18.0,0,5.43814999964809e-05,1.2748999999701027e-05,0,10
8puzzle,8,A*_manhattan,8.0,0.0,8.0,0,12.5,4,12.0,4,8.993049999972413e-05,3.5033000010287196e-05,0,10
8puzzle,8,A*_misplaced,8.0,0.0,8.0,0,19.0,4,17.0,3,8.10014999998998e-05,1.119599999555021e-05,0,10
8puzzle,8,A*_w3_manhattan,8.0,0.0,8.0,0,9.5,3,10.0,3,5.907900000323707e-05,1.950900001190803e-05,0,10
8puzzle,8,BFS,8.0,0.0,8.0,0,249.0,54,147.0,28,0.0003636014999983672,0.00011407099999871662,0,10
8puzzle,8,DFS,35227.0,56678.0,35227.0,56678,37911.0,67561,25941.5,38568,0.08222665699999965,0.1462712320000108,0,10
8puzzle,8,IDS,8.0,0.0,8.0,0,570.5,137,9.0,2,0.0006322754999956715,0.00025998099999924307,0,10
8puzzle,8,UCS,8.0,0.0,8.0,0,249.0,54,147.0,28,0.0004957505000007245,0.0001423530000010942,0,10
8puzzle,12,A*_manhattan,12.0,0.0,12.0,0,22.0,18,17.0,12,0.00014802249999945616,9.265999999286123e-05,0,10
8puzzle,12,A*_misplaced,12.0,0.0,12.0,0,91.0,19,67.0,10,0.0003827755000003208,0.00011868899999001314,0,10
8puzzle,12,A*_w3_manhattan,12.0,0.0,12.0,0,14.5,6,13.0,5,8.96749999981239e-05,2.8622999991512188e-05,0,10
8puzzle,12,BFS,12.0,0.0,12.0,0,1325.0,163,832.0,65,0.0023644360000005804,0.00044935500000065076,0,10
8puzzle,12,DFS,26004.0,57456.0,26004.0,57456,27409.0,68549,19666.0,38843,0.06795402400000938,0.14756200300000444,0,10
8puzzle,12,IDS,12.0,0.0,12.0,0,5428.5,11988,13.5,4,0.006148561499998095,0.013343676000005189,0,10
8puzzle,12,UCS,12.0,0.0,12.0,0,1325.0,163,832.0,65,0.0028914180000043643,0.0017725849999834509,0,10
8puzzle,16,A*_manhattan,16.0,0.0,16.0,0,107.5,41,70.5,24,0.0007421065000059457,0.000373170999992567,0,10
8puzzle,16,A*_misplaced,16.0,0.0,16.0,0,543.5,46,346.0,26,0.002484526000003484,0.0006411039999960622,0,10
8puzzle,16,A*_w3_manhattan,20.0,2.0,20.0,2,89.0,38,59.0,18,0.0005739974999983133,0.0002126389999972389,0,10
8puzzle,16,BFS,16.0,0.0,16.0,0,9918.0,1419,5183.5,342,0.017492185499996538,0.003933334999999261,0,10
8puzzle,16,DFS,22307.0,60242.0,22307.0,60242,25036.0,77930,18064.0,40930,0.052050513500006446,0.17434731399998782,0,10
8puzzle,16,IDS,16.0,2.0,16.0,2,11984.0,9774,15.5,2,0.014608408500002668,0.011107562999995935,0,10
8puzzle,16,UCS,16.0,0.0,16.0,0,9918.0,1419,5183.5,342,0.025968411000008018,0.005997564000011835,0,10
grid,5,A*_grid,29.0,9.0,8.0,0,24.0,3,7.5,2,3.652450000402041e-05,3.986000010058888e-06,0,10
grid,5,A*_grid_w3,29.0,9.0,8.0,0,15.5,10,8.0,2,2.445700000208717e-05,1.4540999998757798e-05,0,10
grid,5,BFS,37.0,15.0,8.0,0,25.0,0,5.0,0,2.4667000005251793e-05,1.2619999978369378e-06,0,10
grid,5,DFS,80.5,15.0,16.0,0,17.0,0,9.0,0,1.9073499998967236e-05,1.3320000107341912e-06,0,10
grid,5,IDS,37.0,15.0,8.0,0,109.0,0,7.0,0,9.438249999504933e-05,1.641400001517468e-05,0,10
grid,5,UCS,29.0,9.0,8.0,0,25.0,1,6.5,2,3.0115000001273984e-05,1.392999990912358e-06,0,10
grid,8,A*_grid,48.0,8.0,14.0,0,62.0,2,15.0,3,9.549349999105061e-05,6.540000001109547e-06,0,10
grid,8,A*_grid_w3,48.0,8.0,14.0,0,37.5,18,23.5,3,6.38460000033092e-05,2.996500001017921e-05,0,10
grid,8,BFS,70.5,13.0,14.0,0,64.0,0,8.0,0,6.176299999793855e-05,1.4729999975315877e-06,0,10
grid,8,DFS,147.5,29.0,28.0,0,43.0,0,29.0,0,4.676550000226598e-05,1.0720000176434041e-06,0,10
grid,8,IDS,70.5,13.0,14.0,0,421.0,0,13.0,0,0.000385624999999834,1.9178999991709134e-05,0,10
grid,8,UCS,48.0,8.0,14.0,0,64.0,1,13.0,1,7.916400000596013e-05,3.104999990455326e-06,0,10
grid,12,A*_grid,71.0,6.0,22.0,0,142.5,3,26.0,9,0.00022890399999653255,1.0365999997929976e-05,0,10
grid,12,A*_grid_w3,71.0,6.0,22.0,0,58.0,16,42.0,13,0.00011028600000173583,2.4625999998306725e-05,0,10
grid,12,BFS,108.5,24.0,22.0,0,144.0,0,12.0,0,0.0001457689999995182,1.2279000003445617e-05,0,10
grid,12,DFS,311.5,20.0,66.0,0,89.0,0,67.0,0,0.00010243399999865233,1.0045999999874766e-05,0,10
grid,12,IDS,101.5,13.0,22.0,0,1403.0,0,22.0,0,0.0013443364999972118,5.265900000495094e-05,0,10
grid,12,UCS,71.0,6.0,22.0,0,144.0,1,20.5,3,0.00018501849999807973,1.954900000100679e-05,0,10
grid,16,A*_grid,93.0,14.0,30.0,0,254.0,11,38.0,4,0.0004261614999947483,1.8587999988994852e-05,0,10
grid,16,A*_grid_w3,93.0,14.0,30.0,0,92.5,77,70.5,17,0.00018246900000207233,0.00017696600001215756,0,10
grid,16,BFS,150.5,9.0,30.0,0,256.0,0,16.0,0,0.00025956050000530695,2.118199999756598e-05,0,10
grid,16,DFS,595.5,34.0,120.0,0,151.0,0,121.0,0,0.00018049650000051543,6.890999998176994e-06,0,10
grid,16,IDS,209.5,30.0,44.0,0,5647.0,0,43.0,0,0.005699806500004456,0.00015949100000511862,0,10
grid,16,UCS,93.0,14.0,30.0,0,256.0,1,29.0,3,0.00034706149999408353,2.1351999990315562e-05,0,10
