domain,level,instance,model,wall_time_s,parsed,legal,optimal,reported_cost,actual_cost,expected_cost,response
8puzzle,4,0,qwen2.5:3b,40.25943379988894,True,False,False,,,4,"{
  ""path"": [
    [[1, 5, 2, 4, 0, 3, 7, 8, 6]],
    [[1, 2, 3, 4, 5, 6, 7, 8, 0]]
  ]
}"
8puzzle,4,1,qwen2.5:3b,28.940914400154725,True,False,False,,,4,"{
  ""path"": [
    [[0, 1, 2, 4, 5, 3, 7, 8, 6]],
    [[1, 2, 3, 4, 5, 6, 7, 8, 0]]
  ]
}"
8puzzle,4,2,qwen2.5:3b,33.625416200142354,True,False,False,,,4,"{
  ""path"": [
    [[1, 2, 3, 4, 8, 5, 7, 6, 0]],
    [[1, 2, 3, 4, 5, 6, 7, 8, 0]]
  ]
}"
8puzzle,4,3,qwen2.5:3b,31.48014820017852,True,False,False,,,4,"{
  ""path"": [
    [[1, 2, 3, 4, 8, 5, 0, 7, 6]],
    [[1, 2, 3, 4, 5, 6, 7, 8, 0]]
  ]
}"
8puzzle,4,4,qwen2.5:3b,31.616585800191388,True,False,False,,,4,"{
  ""path"": [
    [[1, 3, 0, 4, 2, 5, 7, 8, 6]],
    [[1, 2, 3, 4, 5, 6, 7, 8, 0]]
  ]
}"
8puzzle,4,5,qwen2.5:3b,33.43424450000748,True,False,False,,,4,"{
  ""path"": [
    [[0, 1, 3, 4, 2, 5, 7, 8, 6]],
    [[1, 2, 3, 4, 5, 6, 7, 8, 0]]
  ]
}"
8puzzle,4,6,qwen2.5:3b,29.951368700014427,True,False,False,,,4,"{
  ""path"": [
    [[1, 2, 3, 7, 4, 5, 0, 8, 6]],
    [[1, 2, 3, 4, 5, 6, 7, 8, 0]]
  ]
}"
8puzzle,4,7,qwen2.5:3b,30.4656700999476,True,False,False,,,4,"{
  ""path"": [
    [[0, 2, 3, 1, 4, 5, 7, 8, 6]],
    [[1, 2, 3, 4, 5, 6, 7, 8, 0]]
  ]
}"
8puzzle,4,8,qwen2.5:3b,31.903838800033554,True,False,False,,,4,"{
  ""path"": [
    [[1, 3, 0, 4, 2, 6, 7, 5, 8]],
    [[1, 2, 3, 4, 5, 6, 7, 0, 8]]
  ]
}"
8puzzle,4,9,qwen2.5:3b,32.809285500086844,True,False,False,,,4,"{
  ""path"": [
    [[0, 1, 3, 4, 2, 6, 7, 5, 8]],
    [[1, 2, 3, 4, 5, 6, 7, 8, 0]]
  ]
}"
8puzzle,8,0,qwen2.5:3b,33.88766429992393,True,False,False,,,8,"{
  ""path"": [
    [[1, 5, 0, 4, 8, 2, 7, 6, 3]],
    [[1, 2, 3, 4, 5, 6, 7, 8, 0]]
  ]
}"
8puzzle,8,1,qwen2.5:3b,34.16791800013743,True,False,False,,,8,"{
  ""path"": [
    [[1, 5, 2, 4, 0, 8, 7, 6, 3]],
    [[1, 2, 3, 4, 5, 6, 7, 8, 0]]
  ]
}"
8puzzle,8,2,qwen2.5:3b,33.41925769997761,True,False,False,,,8,"{
  ""path"": [
    [[0, 5, 2, 1, 8, 3, 4, 7, 6]],
    [[1, 2, 3, 4, 5, 6, 7, 8, 0]]
  ]
}"
8puzzle,8,3,qwen2.5:3b,33.191294899908826,True,False,False,,,8,"{
  ""path"": [
    [[1, 5, 2, 8, 0, 3, 4, 7, 6]],
    [[1, 2, 3, 4, 5, 6, 7, 8, 0]]
  ]
}"
8puzzle,8,4,qwen2.5:3b,33.80121070006862,True,False,False,,,8,"{
  ""path"": [
    [[1, 5, 2, 4, 0, 6, 7, 3, 8]],
    [[1, 2, 3, 4, 5, 6, 7, 8, 0]]
  ]
}"
8puzzle,8,5,qwen2.5:3b,32.37871420010924,True,False,False,,,8,"{
  ""path"": [
    [[1, 5, 2, 4, 3, 6, 0, 7, 8]],
    [[1, 2, 3, 4, 5, 6, 7, 8, 0]]
  ]
}"
8puzzle,8,6,qwen2.5:3b,32.89131540013477,True,False,False,,,8,"{
  ""path"": [
    [[0, 1, 5, 4, 3, 2, 7, 8, 6]],
    [[1, 2, 3, 4, 5, 6, 7, 8, 0]]
  ]
}"
8puzzle,8,7,qwen2.5:3b,35.913688600063324,True,False,False,,,8,"{
  ""path"": [
    [[1, 5, 2, 7, 0, 3, 8, 4, 6]],
    [[1, 2, 3, 4, 5, 6, 7, 8, 0]]
  ]
}"
8puzzle,8,8,qwen2.5:3b,30.619323099963367,True,False,False,,,8,"{
  ""path"": [
    [[1, 5, 2, 7, 4, 3, 8, 6, 0]],
    [[1, 2, 3, 4, 5, 6, 7, 8, 0]]
  ]
}"
8puzzle,8,9,qwen2.5:3b,37.93330110004172,True,False,False,,,8,"{
  ""path"": [
    [[5, 4, 2, 1, 0, 3, 7, 8, 6]],
    [[1, 2, 3, 4, 5, 6, 7, 8, 0]]
  ]
}"
8puzzle,12,0,qwen2.5:3b,29.620159100042656,True,False,False,,,12,"{
  ""path"": [
    [[1, 8, 5, 4, 6, 2, 7, 3, 0]],
    [[1, 2, 3, 4, 5, 6, 7, 8, 0]]
  ]
}"
8puzzle,12,1,qwen2.5:3b,31.9701976000797,True,False,False,,,12,"{
  ""path"": [
    [[1, 8, 5, 4, 6, 2, 0, 7, 3]],
    [[1, 2, 3, 4, 5, 6, 7, 8, 0]]
  ]
}"
8puzzle,12,2,qwen2.5:3b,34.79811120009981,True,False,False,,,12,"{
  ""path"": [
    [[1, 8, 5, 4, 2, 3, 7, 6, 0]],
    [[1, 2, 3, 4, 5, 6, 7, 8, 0]]
  ]
}"
8puzzle,12,3,qwen2.5:3b,34.72197429998778,True,False,False,,,12,"{
  ""path"": [
    [[1, 8, 0, 4, 2, 5, 7, 6, 3]],
    [[1, 2, 3, 4, 5, 6, 7, 8, 0]]
  ]
}"
8puzzle,12,4,qwen2.5:3b,31.893969000084326,True,False,False,,,12,"{
  ""path"": [
    [[1, 8, 5, 7, 4, 2, 0, 6, 3]],
    [[1, 2, 3, 4, 5, 6, 7, 8, 0]]
  ]
}"
8puzzle,12,5,qwen2.5:3b,32.67869309987873,True,False,False,,,12,"{
  ""path"": [
    [[0, 8, 5, 1, 4, 2, 7, 6, 3]],
    [[1, 2, 3, 4, 5, 6, 7, 8, 0]]
  ]
}"
8puzzle,12,6,qwen2.5:3b,36.1002646998968,True,False,False,,,12,"{
  ""path"": [
    [[4, 1, 5, 7, 8, 2, 0, 6, 3]],
    [[1, 2, 3, 4, 5, 6, 7, 8, 0]]
  ]
}"
8puzzle,12,7,qwen2.5:3b,35.513721299823374,True,False,False,,,12,"{
  ""path"": [
    [[4, 1, 5, 8, 0, 2, 7, 6, 3]],
    [[1, 2, 3, 4, 5, 6, 7, 8, 0]]
  ]
}"
8puzzle,12,8,qwen2.5:3b,35.28190409997478,True,False,False,,,12,"{
  ""path"": [
    [[0, 5, 2, 1, 6, 8, 4, 7, 3]],
    [[1, 2, 3, 4, 5, 6, 7, 8, 0]]
  ]
}"
8puzzle,12,9,qwen2.5:3b,32.666553099872544,True,False,False,,,12,"{
  ""path"": [
    [[1, 5, 2, 6, 0, 8, 4, 7, 3]],
    [[1, 2, 3, 4, 5, 6, 7, 8, 0]]
  ]
}"
8puzzle,16,0,qwen2.5:3b,32.12896030000411,True,False,False,,,16,"{
  ""path"": [
    [[0, 1, 8, 4, 6, 5, 7, 3, 2]],
    [[1, 2, 3, 4, 5, 6, 7, 8, 0]]
  ]
}"
8puzzle,16,1,qwen2.5:3b,33.68540620012209,True,False,False,,,16,"{
  ""path"": [
    [[1, 8, 5, 4, 3, 6, 7, 2, 0]],
    [[1, 2, 3, 4, 5, 6, 7, 8, 0]]
  ]
}"
8puzzle,16,2,qwen2.5:3b,35.69623859995045,True,False,False,,,16,"{
  ""path"": [
    [[1, 8, 5, 4, 3, 6, 0, 7, 2]],
    [[1, 2, 3, 4, 5, 6, 7, 8, 0]]
  ]
}"
8puzzle,16,3,qwen2.5:3b,30.15562399988994,True,False,False,,,16,"{
  ""path"": [
    [[1, 5, 0, 4, 8, 6, 7, 3, 2]],
    [[1, 2, 3, 4, 5, 6, 7, 8, 0]]
  ]
}"
8puzzle,16,4,qwen2.5:3b,30.89367050002329,True,False,False,,,16,"{
  ""path"": [
    [[0, 1, 5, 4, 8, 6, 7, 3, 2]],
    [[1, 2, 3, 4, 5, 6, 7, 8, 0]]
  ]
}"
8puzzle,16,5,qwen2.5:3b,32.67648610007018,True,False,False,,,16,"{
  ""path"": [
    [[1, 8, 5, 7, 4, 6, 0, 3, 2]],
    [[1, 2, 3, 4, 5, 6, 7, 8, 0]]
  ]
}"
8puzzle,16,6,qwen2.5:3b,31.25347790005617,True,False,False,,,16,"{
  ""path"": [
    [[0, 8, 5, 1, 4, 6, 7, 3, 2]],
    [[1, 2, 3, 4, 5, 6, 7, 8, 0]]
  ]
}"
8puzzle,16,7,qwen2.5:3b,34.782865199958906,True,False,False,,,16,"{
  ""path"": [
    [
      8, 6, 5, 1, 0, 2, 4, 7, 3
    ],
    [
      1, 2, 3, 4, 5, 6, 7, 8, 0
    ]
  ]
}"
8puzzle,16,8,qwen2.5:3b,37.34903330006637,True,False,False,,,16,"{
  ""path"": [
    [[8, 5, 0, 1, 6, 2, 4, 7, 3]],
    [[1, 2, 3, 4, 5, 6, 7, 8, 0]]
  ]
}"
8puzzle,16,9,qwen2.5:3b,43.07109240000136,True,False,False,,,16,"{
  ""path"": [
    [[1, 8, 5, 6, 7, 2, 4, 3, 0]],
    [[1, 2, 3, 4, 5, 6, 7, 8, 0]]
  ]
}"
grid,5,0,qwen2.5:3b,45.70913890004158,True,False,False,28,,26,"{
  ""path"": [
    [0, 0],
    [0, 1],
    [0, 2],
    [0, 3],
    [0, 4],
    [1, 4],
    [2, 4],
    [3, 4]
  ],
  ""reported_cost"": 28
}"
grid,5,1,qwen2.5:3b,48.00123420008458,True,True,False,28,32,30,"{
  ""path"": [
    [0, 0],
    [0, 1],
    [0, 2],
    [0, 3],
    [0, 4],
    [1, 4],
    [2, 4],
    [3, 4],
    [4, 4]
  ],
  ""reported_cost"": 28
}"
grid,5,2,qwen2.5:3b,50.57435730006546,True,True,False,28,34,23,"{
  ""path"": [
    [0, 0],
    [1, 0],
    [2, 0],
    [3, 0],
    [4, 0],
    [4, 1],
    [4, 2],
    [4, 3],
    [4, 4]
  ],
  ""reported_cost"": 28
}"
grid,5,3,qwen2.5:3b,48.043757600011304,True,True,False,38,50,41,"{
  ""path"": [
    [0, 0],
    [0, 1],
    [0, 2],
    [0, 3],
    [0, 4],
    [1, 4],
    [2, 4],
    [3, 4],
    [4, 4]
  ],
  ""reported_cost"": 38
}"
grid,5,4,qwen2.5:3b,45.02818370005116,True,True,False,28,49,35,"{
  ""path"": [
    [0, 0],
    [1, 0],
    [2, 0],
    [3, 0],
    [4, 0],
    [4, 1],
    [4, 2],
    [4, 3],
    [4, 4]
  ],
  ""reported_cost"": 28
}"
grid,5,5,qwen2.5:3b,46.30102349980734,True,True,False,28,38,34,"{
  ""path"": [
    [0, 0],
    [1, 0],
    [2, 0],
    [3, 0],
    [4, 0],
    [4, 1],
    [4, 2],
    [4, 3],
    [4, 4]
  ],
  ""reported_cost"": 28
}"
grid,5,6,qwen2.5:3b,45.999818900134414,True,True,False,18,36,25,"{
  ""path"": [
    [0, 0],
    [1, 0],
    [2, 0],
    [3, 0],
    [4, 0],
    [4, 1],
    [4, 2],
    [4, 3],
    [4, 4]
  ],
  ""reported_cost"": 18
}"
grid,5,7,qwen2.5:3b,47.99815810006112,True,False,False,45,,40,"{
  ""path"": [
    [0, 0],
    [0, 1],
    [0, 2],
    [0, 3],
    [1, 3],
    [2, 3],
    [3, 3],
    [4, 3],
    [4, 2],
    [4, 1],
    [4, 0]
  ],
  ""reported_cost"": 45
}"
grid,5,8,qwen2.5:3b,39.97104219999164,True,True,True,38,28,28,"{
  ""path"": [
    [0, 0],
    [0, 1],
    [0, 2],
    [0, 3],
    [0, 4],
    [1, 4],
    [2, 4],
    [3, 4],
    [4, 4]
  ],
  ""reported_cost"": 38
}"
grid,5,9,qwen2.5:3b,44.645143000176176,True,False,False,38,,27,"{
  ""path"": [
    [0, 0],
    [0, 1],
    [0, 2],
    [0, 3],
    [1, 3],
    [2, 3],
    [3, 3],
    [4, 3],
    [4, 2],
    [4, 1],
    [4, 0]
  ],
  ""reported_cost"": 38
}"
grid,8,0,qwen2.5:3b,59.350342199904844,True,True,False,105,73,39,"{
  ""path"": [
    [0, 0],
    [1, 0],
    [2, 0],
    [3, 0],
    [4, 0],
    [5, 0],
    [6, 0],
    [7, 0],
    [7, 1],
    [7, 2],
    [7, 3],
    [7, 4],
    [7, 5],
    [7, 6],
    [7, 7]
  ],
  ""reported_cost"": 105
}"
grid,8,1,qwen2.5:3b,60.59061140008271,True,True,False,100,64,42,"{
  ""path"": [
    [0, 0],
    [1, 0],
    [2, 0],
    [3, 0],
    [4, 0],
    [5, 0],
    [6, 0],
    [7, 0],
    [7, 1],
    [7, 2],
    [7, 3],
    [7, 4],
    [7, 5],
    [7, 6],
    [7, 7]
  ],
  ""reported_cost"": 100
}"
grid,8,2,qwen2.5:3b,59.063631400000304,True,True,False,105,70,51,"{
  ""path"": [
    [0, 0],
    [1, 0],
    [2, 0],
    [3, 0],
    [4, 0],
    [5, 0],
    [6, 0],
    [7, 0],
    [7, 1],
    [7, 2],
    [7, 3],
    [7, 4],
    [7, 5],
    [7, 6],
    [7, 7]
  ],
  ""reported_cost"": 105
}"
grid,8,3,qwen2.5:3b,53.883155199931934,True,True,False,105,79,50,"{
  ""path"": [
    [0, 0],
    [1, 0],
    [2, 0],
    [3, 0],
    [4, 0],
    [5, 0],
    [6, 0],
    [7, 0],
    [7, 1],
    [7, 2],
    [7, 3],
    [7, 4],
    [7, 5],
    [7, 6],
    [7, 7]
  ],
  ""reported_cost"": 105
}"
grid,8,4,qwen2.5:3b,60.40504049998708,True,True,False,105,68,52,"{
  ""path"": [
    [0, 0],
    [0, 1],
    [0, 2],
    [0, 3],
    [0, 4],
    [0, 5],
    [0, 6],
    [1, 6],
    [2, 6],
    [3, 6],
    [4, 6],
    [5, 6],
    [6, 6],
    [7, 6],
    [7, 7]
  ],
  ""reported_cost"": 105
}"
grid,8,5,qwen2.5:3b,58.40833649993874,True,True,False,100,61,38,"{
  ""path"": [
    [0, 0],
    [1, 0],
    [2, 0],
    [3, 0],
    [4, 0],
    [5, 0],
    [6, 0],
    [7, 0],
    [7, 1],
    [7, 2],
    [7, 3],
    [7, 4],
    [7, 5],
    [7, 6],
    [7, 7]
  ],
  ""reported_cost"": 100
}"
grid,8,6,qwen2.5:3b,54.747193299932405,True,True,False,105,70,46,"{
  ""path"": [
    [0, 0],
    [1, 0],
    [2, 0],
    [3, 0],
    [4, 0],
    [5, 0],
    [6, 0],
    [7, 0],
    [7, 1],
    [7, 2],
    [7, 3],
    [7, 4],
    [7, 5],
    [7, 6],
    [7, 7]
  ],
  ""reported_cost"": 105
}"
grid,8,7,qwen2.5:3b,54.18264520005323,True,True,False,100,71,49,"{
  ""path"": [
    [0, 0],
    [1, 0],
    [2, 0],
    [3, 0],
    [4, 0],
    [5, 0],
    [6, 0],
    [7, 0],
    [7, 1],
    [7, 2],
    [7, 3],
    [7, 4],
    [7, 5],
    [7, 6],
    [7, 7]
  ],
  ""reported_cost"": 100
}"
grid,8,8,qwen2.5:3b,53.222125000087544,True,True,False,105,90,50,"{
  ""path"": [
    [0, 0],
    [1, 0],
    [2, 0],
    [3, 0],
    [4, 0],
    [5, 0],
    [6, 0],
    [7, 0],
    [7, 1],
    [7, 2],
    [7, 3],
    [7, 4],
    [7, 5],
    [7, 6],
    [7, 7]
  ],
  ""reported_cost"": 105
}"
grid,8,9,qwen2.5:3b,56.71240479988046,True,True,False,105,66,47,"{
  ""path"": [
    [0, 0],
    [1, 0],
    [2, 0],
    [3, 0],
    [4, 0],
    [5, 0],
    [6, 0],
    [7, 0],
    [7, 1],
    [7, 2],
    [7, 3],
    [7, 4],
    [7, 5],
    [7, 6],
    [7, 7]
  ],
  ""reported_cost"": 105
}"
grid,12,0,qwen2.5:3b,53.107101399917156,True,False,False,123,,66,"{
  ""path"": [
    [0, 0],
    [1, 0],
    [2, 0],
    [3, 0],
    [4, 0],
    [5, 0],
    [6, 0],
    [7, 0],
    [8, 0],
    [9, 0],
    [10, 0],
    [11, 11]
  ],
  ""reported_cost"": 123
}"
grid,12,1,qwen2.5:3b,54.54171510017477,True,False,False,123,,72,"{
  ""path"": [
    [0, 0],
    [1, 0],
    [2, 0],
    [3, 0],
    [4, 0],
    [5, 0],
    [6, 0],
    [7, 0],
    [8, 0],
    [9, 0],
    [10, 0],
    [11, 11]
  ],
  ""reported_cost"": 123
}"
grid,12,2,qwen2.5:3b,53.175430699950084,True,False,False,123,,71,"{
  ""path"": [
    [0, 0],
    [1, 0],
    [2, 0],
    [3, 0],
    [4, 0],
    [5, 0],
    [6, 0],
    [7, 0],
    [8, 0],
    [9, 0],
    [10, 0],
    [11, 11]
  ],
  ""reported_cost"": 123
}"
grid,12,3,qwen2.5:3b,64.88224539998919,True,False,False,100,,65,"{
  ""path"": [
    [0, 0],
    [1, 0],
    [2, 0],
    [3, 0],
    [4, 0],
    [5, 0],
    [6, 0],
    [7, 0],
    [8, 0],
    [9, 0],
    [10, 0],
    [11, 11]
  ],
  ""reported_cost"": 100
}"
grid,12,4,qwen2.5:3b,60.70412709983066,True,False,False,146,,72,"{
  ""path"": [
    [0, 0],
    [1, 0],
    [2, 0],
    [3, 0],
    [4, 0],
    [5, 0],
    [6, 0],
    [7, 0],
    [8, 0],
    [9, 0],
    [10, 0],
    [11, 11]
  ],
  ""reported_cost"": 146
}"
grid,12,5,qwen2.5:3b,54.02135879988782,True,False,False,123,,71,"{
  ""path"": [
    [0, 0],
    [1, 0],
    [2, 0],
    [3, 0],
    [4, 0],
    [5, 0],
    [6, 0],
    [7, 0],
    [8, 0],
    [9, 0],
    [10, 0],
    [11, 11]
  ],
  ""reported_cost"": 123
}"
grid,12,6,qwen2.5:3b,54.041348499944434,True,False,False,105,,65,"{
  ""path"": [
    [0, 0],
    [1, 0],
    [2, 0],
    [3, 0],
    [4, 0],
    [5, 0],
    [6, 0],
    [7, 0],
    [8, 0],
    [9, 0],
    [10, 0],
    [11, 11]
  ],
  ""reported_cost"": 105
}"
grid,12,7,qwen2.5:3b,53.20657350006513,True,False,False,105,,75,"{
  ""path"": [
    [0, 0],
    [1, 0],
    [2, 0],
    [3, 0],
    [4, 0],
    [5, 0],
    [6, 0],
    [7, 0],
    [8, 0],
    [9, 0],
    [10, 0],
    [11, 11]
  ],
  ""reported_cost"": 105
}"
grid,12,8,qwen2.5:3b,59.23282329994254,True,False,False,120,,76,"{
  ""path"": [
    [0, 0],
    [1, 0],
    [2, 0],
    [3, 0],
    [4, 0],
    [5, 0],
    [6, 0],
    [7, 0],
    [8, 0],
    [9, 0],
    [10, 0],
    [11, 11]
  ],
  ""reported_cost"": 120
}"
grid,12,9,qwen2.5:3b,52.99807099997997,True,False,False,105,,66,"{
  ""path"": [
    [0, 0],
    [1, 0],
    [2, 0],
    [3, 0],
    [4, 0],
    [5, 0],
    [6, 0],
    [7, 0],
    [8, 0],
    [9, 0],
    [10, 0],
    [11, 11]
  ],
  ""reported_cost"": 105
}"
grid,16,0,qwen2.5:3b,77.9224896999076,True,False,False,105,,97,"{
  ""path"": [
    [0, 0],
    [1, 0],
    [2, 0],
    [3, 0],
    [4, 0],
    [5, 0],
    [6, 0],
    [7, 0],
    [8, 0],
    [9, 0],
    [10, 0],
    [11, 0],
    [12, 0],
    [13, 0],
    [14, 0],
    [15, 15]
  ],
  ""reported_cost"": 105
}"
grid,16,1,qwen2.5:3b,122.02995210001245,False,False,False,,,93,
grid,16,2,qwen2.5:3b,122.05336709995754,False,False,False,,,94,
grid,16,3,qwen2.5:3b,122.02788429986686,False,False,False,,,80,
grid,16,4,qwen2.5:3b,768.1889173998497,False,False,False,,,93,
grid,16,5,qwen2.5:3b,122.25096240011044,False,False,False,,,80,
grid,16,6,qwen2.5:3b,64.87292449991219,True,False,False,105,,90,"{
  ""path"": [
    [0, 0],
    [1, 0],
    [2, 0],
    [3, 0],
    [4, 0],
    [5, 0],
    [6, 0],
    [7, 0],
    [8, 0],
    [9, 0],
    [10, 0],
    [11, 0],
    [12, 0],
    [13, 0],
    [14, 0],
    [15, 15]
  ],
  ""reported_cost"": 105
}"
grid,16,7,qwen2.5:3b,122.02684099995531,False,False,False,,,99,
grid,16,8,qwen2.5:3b,122.14732409990393,False,False,False,,,83,
grid,16,9,qwen2.5:3b,122.06716080009937,False,False,False,,,101,
