check,level,instance,passed
UCS_vs_Astar_equal_cost,4,0,True
Manhattan_dominance,4,0,True
UCS_vs_Astar_equal_cost,4,1,True
Manhattan_dominance,4,1,True
UCS_vs_Astar_equal_cost,4,2,True
Manhattan_dominance,4,2,True
UCS_vs_Astar_equal_cost,4,3,True
Manhattan_dominance,4,3,True
UCS_vs_Astar_equal_cost,4,4,True
Manhattan_dominance,4,4,True
UCS_vs_Astar_equal_cost,4,5,True
Manhattan_dominance,4,5,True
UCS_vs_Astar_equal_cost,4,6,True
Manhattan_dominance,4,6,True
UCS_vs_Astar_equal_cost,4,7,True
Manhattan_dominance,4,7,True
UCS_vs_Astar_equal_cost,4,8,True
Manhattan_dominance,4,8,True
UCS_vs_Astar_equal_cost,4,9,True
Manhattan_dominance,4,9,True
UCS_vs_Astar_equal_cost,8,0,True
Manhattan_dominance,8,0,True
UCS_vs_Astar_equal_cost,8,1,True
Manhattan_dominance,8,1,True
UCS_vs_Astar_equal_cost,8,2,True
Manhattan_dominance,8,2,True
UCS_vs_Astar_equal_cost,8,3,True
Manhattan_dominance,8,3,True
UCS_vs_Astar_equal_cost,8,4,True
Manhattan_dominance,8,4,True
UCS_vs_Astar_equal_cost,8,5,True
Manhattan_dominance,8,5,True
UCS_vs_Astar_equal_cost,8,6,True
Manhattan_dominance,8,6,True
UCS_vs_Astar_equal_cost,8,7,True
Manhattan_dominance,8,7,True
UCS_vs_Astar_equal_cost,8,8,True
Manhattan_dominance,8,8,True
UCS_vs_Astar_equal_cost,8,9,True
Manhattan_dominance,8,9,True
UCS_vs_Astar_equal_cost,12,0,True
Manhattan_dominance,12,0,True
UCS_vs_Astar_equal_cost,12,1,True
Manhattan_dominance,12,1,True
UCS_vs_Astar_equal_cost,12,2,True
Manhattan_dominance,12,2,True
UCS_vs_Astar_equal_cost,12,3,True
Manhattan_dominance,12,3,True
UCS_vs_Astar_equal_cost,12,4,True
Manhattan_dominance,12,4,True
UCS_vs_Astar_equal_cost,12,5,True
Manhattan_dominance,12,5,True
UCS_vs_Astar_equal_cost,12,6,True
Manhattan_dominance,12,6,True
UCS_vs_Astar_equal_cost,12,7,True
Manhattan_dominance,12,7,True
UCS_vs_Astar_equal_cost,12,8,True
Manhattan_dominance,12,8,True
UCS_vs_Astar_equal_cost,12,9,True
Manhattan_dominance,12,9,True
UCS_vs_Astar_equal_cost,16,0,True
Manhattan_dominance,16,0,True
UCS_vs_Astar_equal_cost,16,1,True
Manhattan_dominance,16,1,True
UCS_vs_Astar_equal_cost,16,2,True
Manhattan_dominance,16,2,True
UCS_vs_Astar_equal_cost,16,3,True
Manhattan_dominance,16,3,True
UCS_vs_Astar_equal_cost,16,4,True
Manhattan_dominance,16,4,True
UCS_vs_Astar_equal_cost,16,5,True
Manhattan_dominance,16,5,True
UCS_vs_Astar_equal_cost,16,6,True
Manhattan_dominance,16,6,True
UCS_vs_Astar_equal_cost,16,7,True
Manhattan_dominance,16,7,True
UCS_vs_Astar_equal_cost,16,8,True
Manhattan_dominance,16,8,True
UCS_vs_Astar_equal_cost,16,9,True
Manhattan_dominance,16,9,True
